BEGIN TRANSACTION;
CREATE TABLE "auth_group" ("id" integer NOT NULL PRIMARY KEY AUTOINCREMENT, "name" varchar(150) NOT NULL UNIQUE);
CREATE TABLE "auth_group_permissions" ("id" integer NOT NULL PRIMARY KEY AUTOINCREMENT, "group_id" integer NOT NULL REFERENCES "auth_group" ("id") DEFERRABLE INITIALLY DEFERRED, "permission_id" integer NOT NULL REFERENCES "auth_permission" ("id") DEFERRABLE INITIALLY DEFERRED);
CREATE TABLE "auth_permission" ("id" integer NOT NULL PRIMARY KEY AUTOINCREMENT, "content_type_id" integer NOT NULL REFERENCES "django_content_type" ("id") DEFERRABLE INITIALLY DEFERRED, "codename" varchar(100) NOT NULL, "name" varchar(255) NOT NULL);
INSERT INTO "auth_permission" VALUES(1,1,'add_logentry','Can add log entry');
INSERT INTO "auth_permission" VALUES(2,1,'change_logentry','Can change log entry');
INSERT INTO "auth_permission" VALUES(3,1,'delete_logentry','Can delete log entry');
INSERT INTO "auth_permission" VALUES(4,1,'view_logentry','Can view log entry');
INSERT INTO "auth_permission" VALUES(5,2,'add_permission','Can add permission');
INSERT INTO "auth_permission" VALUES(6,2,'change_permission','Can change permission');
INSERT INTO "auth_permission" VALUES(7,2,'delete_permission','Can delete permission');
INSERT INTO "auth_permission" VALUES(8,2,'view_permission','Can view permission');
INSERT INTO "auth_permission" VALUES(9,3,'add_group','Can add group');
INSERT INTO "auth_permission" VALUES(10,3,'change_group','Can change group');
INSERT INTO "auth_permission" VALUES(11,3,'delete_group','Can delete group');
INSERT INTO "auth_permission" VALUES(12,3,'view_group','Can view group');
INSERT INTO "auth_permission" VALUES(13,4,'add_contenttype','Can add content type');
INSERT INTO "auth_permission" VALUES(14,4,'change_contenttype','Can change content type');
INSERT INTO "auth_permission" VALUES(15,4,'delete_contenttype','Can delete content type');
INSERT INTO "auth_permission" VALUES(16,4,'view_contenttype','Can view content type');
INSERT INTO "auth_permission" VALUES(17,5,'add_session','Can add session');
INSERT INTO "auth_permission" VALUES(18,5,'change_session','Can change session');
INSERT INTO "auth_permission" VALUES(19,5,'delete_session','Can delete session');
INSERT INTO "auth_permission" VALUES(20,5,'view_session','Can view session');
INSERT INTO "auth_permission" VALUES(21,6,'add_user','Can add user');
INSERT INTO "auth_permission" VALUES(22,6,'change_user','Can change user');
INSERT INTO "auth_permission" VALUES(23,6,'delete_user','Can delete user');
INSERT INTO "auth_permission" VALUES(24,6,'view_user','Can view user');
INSERT INTO "auth_permission" VALUES(25,7,'add_product','Can add product');
INSERT INTO "auth_permission" VALUES(26,7,'change_product','Can change product');
INSERT INTO "auth_permission" VALUES(27,7,'delete_product','Can delete product');
INSERT INTO "auth_permission" VALUES(28,7,'view_product','Can view product');
INSERT INTO "auth_permission" VALUES(29,8,'add_category','Can add category');
INSERT INTO "auth_permission" VALUES(30,8,'change_category','Can change category');
INSERT INTO "auth_permission" VALUES(31,8,'delete_category','Can delete category');
INSERT INTO "auth_permission" VALUES(32,8,'view_category','Can view category');
INSERT INTO "auth_permission" VALUES(33,9,'add_productimage','Can add product image');
INSERT INTO "auth_permission" VALUES(34,9,'change_productimage','Can change product image');
INSERT INTO "auth_permission" VALUES(35,9,'delete_productimage','Can delete product image');
INSERT INTO "auth_permission" VALUES(36,9,'view_productimage','Can view product image');
INSERT INTO "auth_permission" VALUES(37,10,'add_order','Can add order');
INSERT INTO "auth_permission" VALUES(38,10,'change_order','Can change order');
INSERT INTO "auth_permission" VALUES(39,10,'delete_order','Can delete order');
INSERT INTO "auth_permission" VALUES(40,10,'view_order','Can view order');
INSERT INTO "auth_permission" VALUES(41,11,'add_orderitem','Can add order item');
INSERT INTO "auth_permission" VALUES(42,11,'change_orderitem','Can change order item');
INSERT INTO "auth_permission" VALUES(43,11,'delete_orderitem','Can delete order item');
INSERT INTO "auth_permission" VALUES(44,11,'view_orderitem','Can view order item');
INSERT INTO "auth_permission" VALUES(45,12,'add_address','Can add address');
INSERT INTO "auth_permission" VALUES(46,12,'change_address','Can change address');
INSERT INTO "auth_permission" VALUES(47,12,'delete_address','Can delete address');
INSERT INTO "auth_permission" VALUES(48,12,'view_address','Can view address');
CREATE TABLE "django_admin_log" ("id" integer NOT NULL PRIMARY KEY AUTOINCREMENT, "object_id" text NULL, "object_repr" varchar(200) NOT NULL, "action_flag" smallint unsigned NOT NULL CHECK ("action_flag" >= 0), "change_message" text NOT NULL, "content_type_id" integer NULL REFERENCES "django_content_type" ("id") DEFERRABLE INITIALLY DEFERRED, "user_id" bigint NOT NULL REFERENCES "shop_user" ("id") DEFERRABLE INITIALLY DEFERRED, "action_time" datetime NOT NULL);
INSERT INTO "django_admin_log" VALUES(1,'1','T-Shirts',1,'[{"added": {}}]',8,1,'2025-09-10 08:25:07.288415');
INSERT INTO "django_admin_log" VALUES(2,'1','T-Shirt',1,'[{"added": {}}, {"added": {"name": "product image", "object": "T-Shirt Image"}}]',7,1,'2025-09-10 08:26:59.566128');
INSERT INTO "django_admin_log" VALUES(3,'21','Graphic T-Shirt',2,'[{"changed": {"name": "product image", "object": "Graphic T-Shirt Image", "fields": ["Image"]}}]',7,1,'2025-09-10 12:44:47.306261');
INSERT INTO "django_admin_log" VALUES(4,'20','Headphones',2,'[{"added": {"name": "product image", "object": "Headphones Image"}}, {"changed": {"name": "product image", "object": "Headphones Image", "fields": ["Image"]}}]',7,1,'2025-09-10 12:46:14.028495');
INSERT INTO "django_admin_log" VALUES(5,'19','Microwave Oven',2,'[{"added": {"name": "product image", "object": "Microwave Oven Image"}}]',7,1,'2025-09-10 12:46:59.250730');
INSERT INTO "django_admin_log" VALUES(6,'19','Microwave Oven',2,'[{"added": {"name": "product image", "object": "Microwave Oven Image"}}, {"deleted": {"name": "product image", "object": "Microwave Oven Image"}}, {"deleted": {"name": "product image", "object": "Microwave Oven Image"}}]',7,1,'2025-09-10 12:48:02.572276');
INSERT INTO "django_admin_log" VALUES(7,'18','Refrigerator',2,'[{"added": {"name": "product image", "object": "Refrigerator Image"}}, {"changed": {"name": "product image", "object": "Refrigerator Image", "fields": ["Image"]}}]',7,1,'2025-09-10 12:48:54.317893');
INSERT INTO "django_admin_log" VALUES(8,'17','Perfume',2,'[{"added": {"name": "product image", "object": "Perfume Image"}}, {"changed": {"name": "product image", "object": "Perfume Image", "fields": ["Image"]}}]',7,1,'2025-09-10 12:49:28.893047');
INSERT INTO "django_admin_log" VALUES(9,'16','Sunglasses',2,'[{"added": {"name": "product image", "object": "Sunglasses Image"}}, {"changed": {"name": "product image", "object": "Sunglasses Image", "fields": ["Image"]}}]',7,1,'2025-09-10 12:50:11.350193');
INSERT INTO "django_admin_log" VALUES(10,'15','Backpack',2,'[{"added": {"name": "product image", "object": "Backpack Image"}}, {"changed": {"name": "product image", "object": "Backpack Image", "fields": ["Image"]}}]',7,1,'2025-09-10 12:51:37.490888');
INSERT INTO "django_admin_log" VALUES(11,'14','Coffee Mug',2,'[{"added": {"name": "product image", "object": "Coffee Mug Image"}}, {"changed": {"name": "product image", "object": "Coffee Mug Image", "fields": ["Image"]}}]',7,1,'2025-09-10 12:52:40.052966');
INSERT INTO "django_admin_log" VALUES(12,'13','Wooden Table',2,'[{"added": {"name": "product image", "object": "Wooden Table Image"}}, {"changed": {"name": "product image", "object": "Wooden Table Image", "fields": ["Image"]}}]',7,1,'2025-09-10 12:53:32.215012');
INSERT INTO "django_admin_log" VALUES(13,'12','Office Chair',2,'[{"added": {"name": "product image", "object": "Office Chair Image"}}, {"changed": {"name": "product image", "object": "Office Chair Image", "fields": ["Image"]}}]',7,1,'2025-09-10 12:54:16.330930');
INSERT INTO "django_admin_log" VALUES(14,'11','DSLR Camera',2,'[{"added": {"name": "product image", "object": "DSLR Camera Image"}}, {"changed": {"name": "product image", "object": "DSLR Camera Image", "fields": ["Image"]}}]',7,1,'2025-09-10 12:54:50.182978');
INSERT INTO "django_admin_log" VALUES(15,'10','Denim Jacket',2,'[{"added": {"name": "product image", "object": "Denim Jacket Image"}}, {"changed": {"name": "product image", "object": "Denim Jacket Image", "fields": ["Image"]}}]',7,1,'2025-09-10 12:55:26.116698');
INSERT INTO "django_admin_log" VALUES(16,'9','Leather Wallet',2,'[{"added": {"name": "product image", "object": "Leather Wallet Image"}}, {"changed": {"name": "product image", "object": "Leather Wallet Image", "fields": ["Image"]}}]',7,1,'2025-09-10 12:56:00.118509');
INSERT INTO "django_admin_log" VALUES(17,'8','Bluetooth Earbuds',2,'[{"added": {"name": "product image", "object": "Bluetooth Earbuds Image"}}, {"changed": {"name": "product image", "object": "Bluetooth Earbuds Image", "fields": ["Image"]}}]',7,1,'2025-09-10 12:56:41.941860');
INSERT INTO "django_admin_log" VALUES(18,'7','Smart Watch',2,'[{"added": {"name": "product image", "object": "Smart Watch Image"}}, {"changed": {"name": "product image", "object": "Smart Watch Image", "fields": ["Image"]}}]',7,1,'2025-09-10 12:57:27.413706');
INSERT INTO "django_admin_log" VALUES(19,'6','Running Shoes',2,'[{"added": {"name": "product image", "object": "Running Shoes Image"}}, {"changed": {"name": "product image", "object": "Running Shoes Image", "fields": ["Image"]}}]',7,1,'2025-09-10 12:58:14.764889');
INSERT INTO "django_admin_log" VALUES(20,'5','Gaming Keyboard',2,'[{"added": {"name": "product image", "object": "Gaming Keyboard Image"}}, {"changed": {"name": "product image", "object": "Gaming Keyboard Image", "fields": ["Image"]}}]',7,1,'2025-09-10 12:58:48.798202');
INSERT INTO "django_admin_log" VALUES(21,'4','Wireless Mouse',2,'[{"added": {"name": "product image", "object": "Wireless Mouse Image"}}, {"changed": {"name": "product image", "object": "Wireless Mouse Image", "fields": ["Image"]}}]',7,1,'2025-09-10 12:59:27.621279');
INSERT INTO "django_admin_log" VALUES(22,'3','HP Laptop',2,'[{"added": {"name": "product image", "object": "HP Laptop Image"}}, {"changed": {"name": "product image", "object": "HP Laptop Image", "fields": ["Image"]}}]',7,1,'2025-09-10 13:00:08.152556');
INSERT INTO "django_admin_log" VALUES(23,'2','Mac T-Shirt',2,'[{"added": {"name": "product image", "object": "Mac T-Shirt Image"}}, {"changed": {"name": "product image", "object": "Mac T-Shirt Image", "fields": ["Image"]}}]',7,1,'2025-09-10 13:00:49.875050');
CREATE TABLE "django_content_type" ("id" integer NOT NULL PRIMARY KEY AUTOINCREMENT, "app_label" varchar(100) NOT NULL, "model" varchar(100) NOT NULL);
INSERT INTO "django_content_type" VALUES(1,'admin','logentry');
INSERT INTO "django_content_type" VALUES(2,'auth','permission');
INSERT INTO "django_content_type" VALUES(3,'auth','group');
INSERT INTO "django_content_type" VALUES(4,'contenttypes','contenttype');
INSERT INTO "django_content_type" VALUES(5,'sessions','session');
INSERT INTO "django_content_type" VALUES(6,'shop','user');
INSERT INTO "django_content_type" VALUES(7,'shop','product');
INSERT INTO "django_content_type" VALUES(8,'shop','category');
INSERT INTO "django_content_type" VALUES(9,'shop','productimage');
INSERT INTO "django_content_type" VALUES(10,'shop','order');
INSERT INTO "django_content_type" VALUES(11,'shop','orderitem');
INSERT INTO "django_content_type" VALUES(12,'shop','address');
CREATE TABLE "django_migrations" ("id" integer NOT NULL PRIMARY KEY AUTOINCREMENT, "app" varchar(255) NOT NULL, "name" varchar(255) NOT NULL, "applied" datetime NOT NULL);
INSERT INTO "django_migrations" VALUES(1,'contenttypes','0001_initial','2025-09-10 07:40:48.334709');
INSERT INTO "django_migrations" VALUES(2,'contenttypes','0002_remove_content_type_name','2025-09-10 07:40:48.347019');
INSERT INTO "django_migrations" VALUES(3,'auth','0001_initial','2025-09-10 07:40:48.367456');
INSERT INTO "django_migrations" VALUES(4,'auth','0002_alter_permission_name_max_length','2025-09-10 07:40:48.378230');
INSERT INTO "django_migrations" VALUES(5,'auth','0003_alter_user_email_max_length','2025-09-10 07:40:48.386944');
INSERT INTO "django_migrations" VALUES(6,'auth','0004_alter_user_username_opts','2025-09-10 07:40:48.405230');
INSERT INTO "django_migrations" VALUES(7,'auth','0005_alter_user_last_login_null','2025-09-10 07:40:48.416038');
INSERT INTO "django_migrations" VALUES(8,'auth','0006_require_contenttypes_0002','2025-09-10 07:40:48.422280');
INSERT INTO "django_migrations" VALUES(9,'auth','0007_alter_validators_add_error_messages','2025-09-10 07:40:48.438077');
INSERT INTO "django_migrations" VALUES(10,'auth','0008_alter_user_username_max_length','2025-09-10 07:40:48.448192');
INSERT INTO "django_migrations" VALUES(11,'auth','0009_alter_user_last_name_max_length','2025-09-10 07:40:48.458152');
INSERT INTO "django_migrations" VALUES(12,'auth','0010_alter_group_name_max_length','2025-09-10 07:40:48.468303');
INSERT INTO "django_migrations" VALUES(13,'auth','0011_update_proxy_permissions','2025-09-10 07:40:48.476774');
INSERT INTO "django_migrations" VALUES(14,'auth','0012_alter_user_first_name_max_length','2025-09-10 07:40:48.488178');
INSERT INTO "django_migrations" VALUES(15,'shop','0001_initial','2025-09-10 07:40:48.509281');
INSERT INTO "django_migrations" VALUES(16,'admin','0001_initial','2025-09-10 07:40:48.530951');
INSERT INTO "django_migrations" VALUES(17,'admin','0002_logentry_remove_auto_add','2025-09-10 07:40:48.549899');
INSERT INTO "django_migrations" VALUES(18,'admin','0003_logentry_add_action_flag_choices','2025-09-10 07:40:48.562827');
INSERT INTO "django_migrations" VALUES(19,'sessions','0001_initial','2025-09-10 07:40:48.575277');
INSERT INTO "django_migrations" VALUES(20,'shop','0002_category_product_productimage','2025-09-10 08:18:03.449505');
INSERT INTO "django_migrations" VALUES(21,'shop','0003_order_orderitem','2025-09-10 09:25:10.581062');
INSERT INTO "django_migrations" VALUES(22,'shop','0004_address','2025-09-13 12:44:50.761621');
CREATE TABLE "django_session" ("session_key" varchar(40) NOT NULL PRIMARY KEY, "session_data" text NOT NULL, "expire_date" datetime NOT NULL);
INSERT INTO "django_session" VALUES('ei9u78cuxmekf2id84c1q33boozm9cmo','eyJjYXJ0Ijp7fX0:1uwGws:_3hGwDiS6rEPIklcdYvmGg70RwN9i-HEVKtnd6XvTpU','2025-09-24 09:17:06.787631');
INSERT INTO "django_session" VALUES('9wopg8azo90uc662qr2pnwcyczagaebz','.eJxVTjkOgzAQ_MvWyFqDscFl-rwBrXftQBKBxFEh_h4cUSTNjDSXZoeOtrXvtiXO3SDgQUPxqwXiVxyzIU8aH5PiaVznIagcUZe7qPsk8X27sn8DPS392TaGKEXWTa2DTRobVyXGWFu0obUNMjG7tkZTJbEiDgNWRGwkaizJ5FGmeQW_nw99WUAJXheg3ZcyHscH6Kc_1A:1uxQEt:Wi8bwmUXF_c6nlN_vlouVM0h4uND8uCU8S5Dbx4VtbA','2025-09-27 13:24:27.003173');
INSERT INTO "django_session" VALUES('rx0ixnr0wikm8zghv1okbl8gysg67jko','.eJxVjDsOgzAQRO-yNbKMje01ZXrOgNbeJZBEIPGpEHcPSBRJNdLMm7dDS9vat9siczsw1GCh-O0S5beM18AvGp-TytO4zkNSF6LudVHNxPJ53OyfoKelP9-eRZxoq9GJ856j7ViyIeRYsRNJVUoaO0MkUXxGK2hCZo1RBwwcTmmmeYV6hxKhLgsozRnH8QVlfz5Y:1v4yTe:OeUbgMZAd77fcqRJg5z0rptHzuLUO32dQyz2gSqeRXg','2025-10-18 09:22:54.098427');
INSERT INTO "django_session" VALUES('wlwcbfczcb98o4yrwkow66z1ugfu8xas','eyJjYXJ0Ijp7fX0:1vBUtz:W13bDSGx8MXX5NtNt6rnXqXfY1D8DsNA7x1LIh_nouc','2025-11-05 09:13:03.895908');
INSERT INTO "django_session" VALUES('9djacab4e68mid1v3jxks22709kdtuso','.eJxVjMsKgzAQAP9lzyUE89rk2Hu_QTbZtdoWhURP4r8XwYvXmWF2KFRXSDsYSPZ4QE_bOvZbk9pPDAkM3Fim8pX5FPyh-b2ossxrnbI6E3XZpl4Ly-95tbfBSG2EBJ5FnGij0YnznqMZWEpHyNGyE8k2Z41DRyRRfEEj2IXCGqMOGDjA8Qf-ezzn:1vBVLt:w-uxw_3Yt4Cmp5RlHCgq3ou0b5EECz1ullzahAIOSwg','2025-11-05 09:41:53.405215');
INSERT INTO "django_session" VALUES('zj3s7or8nwa9whqismnjdldoyds257zx','.eJxVjLsOwjAMAP_FM4ogbl4d2fmGynYSUkCJ1LQT4t9RpQ6w3p3uDRNta5m2npZpjjACwumXMckz1V3EB9V7U9Lqusys9kQdtqtbi-l1Pdq_QaFeYAQThDyHZFCE7UAcvAvaaDQpZ0bRBgcdnQTLFjOKvoiNmT2ddUCbHXy-8bI4Fw:1vBVcO:xDktaqiI-6MzuGk86tASod3rvc--MBvtk0F5pUwuqJg','2025-11-05 09:58:56.831374');
INSERT INTO "django_session" VALUES('2qbrdybpw5hw8ns54hltjphknclfwoyk','.eJxVjEEOgyAQAP-yZ0MKKwgce-8bzO4C1bbRRPRk_Htj4sXrzGR2EFpWiDsYDVE3oD1EfTTQ07YO_Vbz0o8JIiDcGJN883SK9KHpPSuZp3UZWZ2JumxVrznl3_Nqb4OB6gARbBDyHLJFEXYtcfBdMNagzaUwirHYmtRJcOywoBgtLhX29DABXeng-AMDcT25:1vBVvz:Put_lBFUPNMeqprD0Irb81QWHdFPvoQ_AKk1RiaTqL4','2025-11-05 10:19:11.984609');
CREATE TABLE "shop_address" ("id" integer NOT NULL PRIMARY KEY AUTOINCREMENT, "full_name" varchar(255) NOT NULL, "email" varchar(254) NOT NULL, "address" text NOT NULL, "city" varchar(100) NOT NULL, "postal_code" varchar(20) NOT NULL, "label" varchar(50) NOT NULL, "created_at" datetime NOT NULL, "user_id" bigint NOT NULL REFERENCES "shop_user" ("id") DEFERRABLE INITIALLY DEFERRED);
CREATE TABLE "shop_category" ("id" integer NOT NULL PRIMARY KEY AUTOINCREMENT, "name" varchar(120) NOT NULL UNIQUE, "slug" varchar(150) NOT NULL UNIQUE, "parent_id" bigint NULL REFERENCES "shop_category" ("id") DEFERRABLE INITIALLY DEFERRED);
INSERT INTO "shop_category" VALUES(1,'T-Shirts','t-shirts',NULL);
INSERT INTO "shop_category" VALUES(2,'Fashion','fashion',NULL);
INSERT INTO "shop_category" VALUES(3,'Electronics','electronics',NULL);
INSERT INTO "shop_category" VALUES(4,'Accessories','accessories',NULL);
INSERT INTO "shop_category" VALUES(5,'Furniture','furniture',NULL);
INSERT INTO "shop_category" VALUES(6,'Home','home',NULL);
INSERT INTO "shop_category" VALUES(7,'Mobiles','mobiles',NULL);
INSERT INTO "shop_category" VALUES(8,'Computers','computers',NULL);
INSERT INTO "shop_category" VALUES(9,'TV, Appliances, Electronics','tv-appliances-electronics',NULL);
INSERT INTO "shop_category" VALUES(10,'Men''s Fashion','mens-fashion',NULL);
INSERT INTO "shop_category" VALUES(11,'Women''s Fashion','womens-fashion',NULL);
CREATE TABLE "shop_order" ("id" integer NOT NULL PRIMARY KEY AUTOINCREMENT, "full_name" varchar(255) NOT NULL, "email" varchar(254) NOT NULL, "address" text NOT NULL, "city" varchar(100) NOT NULL, "postal_code" varchar(20) NOT NULL, "created_at" datetime NOT NULL, "is_paid" bool NOT NULL, "user_id" bigint NOT NULL REFERENCES "shop_user" ("id") DEFERRABLE INITIALLY DEFERRED);
INSERT INTO "shop_order" VALUES(1,'Savita chauhan','savita12@gmail.com','002','mumbai','400060','2025-09-10 09:27:38.978068',0,2);
INSERT INTO "shop_order" VALUES(2,'Savita chauhan','savita12@gmail.com','002','mumbai','400060','2025-09-10 09:28:39.910090',0,2);
INSERT INTO "shop_order" VALUES(3,'Savita chauhan','klickitshivam@gmail.com','f','wf','3r','2025-09-10 09:39:49.361341',0,2);
INSERT INTO "shop_order" VALUES(4,'Savita chauhan','klickitshivam@gmail.com','andheri','mumbai','400060','2025-09-10 10:47:17.685911',0,2);
INSERT INTO "shop_order" VALUES(5,'Savita chauhan','klickitshivam@gmail.com','qwd','cwd','qd','2025-09-10 13:21:31.505846',0,1);
INSERT INTO "shop_order" VALUES(6,'Savita chauhan','klickitshivam@gmail.com','qwd','mumbai','400060','2025-09-13 09:37:00.762818',0,2);
INSERT INTO "shop_order" VALUES(7,'Savita chauhan','klickitshivam@gmail.com','andheri','mumbai','400060','2025-09-13 12:29:31.554145',0,1);
INSERT INTO "shop_order" VALUES(8,'Savita chauhan','klickitshivam@gmail.com','andheri','mumbai','400060','2025-09-13 12:38:29.762316',0,1);
INSERT INTO "shop_order" VALUES(9,'Savita chauhan','klickitshivam@gmail.com','we','wed','qwxd','2025-09-13 12:40:15.394088',0,1);
INSERT INTO "shop_order" VALUES(10,'shivam','sshivamyadav272@gmail.com','andheri','mumbai','400060','2025-09-13 12:45:55.174110',0,1);
INSERT INTO "shop_order" VALUES(11,'Savita chauhan','klickitshivam@gmail.com','ghg','mumbai','400060','2025-10-03 05:00:06.845431',0,3);
INSERT INTO "shop_order" VALUES(12,'Savita chauhan','klickitshivam@gmail.com','add','mumbai','400060','2025-10-04 09:07:19.590521',0,3);
INSERT INTO "shop_order" VALUES(13,'Savita chauhan','klickitshivam@gmail.com','add','mumbai','400060','2025-10-04 09:15:22.340991',0,3);
INSERT INTO "shop_order" VALUES(14,'jnkjn','klickitshivam@gmail.com','tg','sfw','wefwe','2025-10-22 09:16:02.595881',0,3);
INSERT INTO "shop_order" VALUES(15,'jnkjn','klickitshivam@gmail.com','tg','sfw','wefwe','2025-10-22 09:35:13.348329',0,3);
CREATE TABLE "shop_orderitem" ("id" integer NOT NULL PRIMARY KEY AUTOINCREMENT, "quantity" integer unsigned NOT NULL CHECK ("quantity" >= 0), "price" decimal NOT NULL, "order_id" bigint NOT NULL REFERENCES "shop_order" ("id") DEFERRABLE INITIALLY DEFERRED, "product_id" bigint NULL REFERENCES "shop_product" ("id") DEFERRABLE INITIALLY DEFERRED);
INSERT INTO "shop_orderitem" VALUES(1,6,599,2,1);
INSERT INTO "shop_orderitem" VALUES(2,4,599,3,1);
INSERT INTO "shop_orderitem" VALUES(3,2,599,4,1);
INSERT INTO "shop_orderitem" VALUES(4,6,599,5,1);
INSERT INTO "shop_orderitem" VALUES(5,3,599,6,1);
INSERT INTO "shop_orderitem" VALUES(6,2,999,6,4);
INSERT INTO "shop_orderitem" VALUES(7,2,599,7,1);
INSERT INTO "shop_orderitem" VALUES(8,3,999,7,2);
INSERT INTO "shop_orderitem" VALUES(9,2,599,8,1);
INSERT INTO "shop_orderitem" VALUES(10,1,599,9,1);
INSERT INTO "shop_orderitem" VALUES(11,1,599,10,1);
INSERT INTO "shop_orderitem" VALUES(12,1,999,10,2);
INSERT INTO "shop_orderitem" VALUES(13,4,599,11,1);
INSERT INTO "shop_orderitem" VALUES(14,1,9999,11,7);
INSERT INTO "shop_orderitem" VALUES(15,1,599,12,1);
INSERT INTO "shop_orderitem" VALUES(16,3,999,12,2);
INSERT INTO "shop_orderitem" VALUES(17,2,7999,13,20);
INSERT INTO "shop_orderitem" VALUES(18,1,599,14,1);
INSERT INTO "shop_orderitem" VALUES(19,2,999,14,2);
INSERT INTO "shop_orderitem" VALUES(20,1,59999,15,3);
CREATE TABLE "shop_product" ("id" integer NOT NULL PRIMARY KEY AUTOINCREMENT, "sku" varchar(50) NOT NULL UNIQUE, "name" varchar(255) NOT NULL, "slug" varchar(255) NOT NULL UNIQUE, "description" text NOT NULL, "price" decimal NOT NULL, "discount_price" decimal NULL, "stock" integer unsigned NOT NULL CHECK ("stock" >= 0), "is_active" bool NOT NULL, "created_at" datetime NOT NULL, "category_id" bigint NULL REFERENCES "shop_category" ("id") DEFERRABLE INITIALLY DEFERRED);
INSERT INTO "shop_product" VALUES(1,'BOOK123','T-Shirt','t-shirt','100% cotton, soft and breathable T-shirt available in sizes S, M, L.',599,499,50,1,'2025-09-10 08:26:59.561415',1);
INSERT INTO "shop_product" VALUES(2,'SKU001','Mac T-Shirt','mac-t-shirt','Stylish Apple T-shirt',999,799,50,1,'2025-09-10 12:16:32.301596',2);
INSERT INTO "shop_product" VALUES(3,'SKU002','HP Laptop','hp-laptop','Powerful HP Laptop',59999,54999,10,1,'2025-09-10 12:16:32.324979',3);
INSERT INTO "shop_product" VALUES(4,'SKU003','Wireless Mouse','wireless-mouse','Ergonomic wireless mouse',999,799,100,1,'2025-09-10 12:16:32.344964',4);
INSERT INTO "shop_product" VALUES(5,'SKU004','Gaming Keyboard','gaming-keyboard','RGB mechanical keyboard',2999,2499,30,1,'2025-09-10 12:16:32.356509',4);
INSERT INTO "shop_product" VALUES(6,'SKU005','Running Shoes','running-shoes','Comfortable running shoes',3999,2999,40,1,'2025-09-10 12:16:32.369400',2);
INSERT INTO "shop_product" VALUES(7,'SKU006','Smart Watch','smart-watch','Fitness tracking smartwatch',9999,7999,25,1,'2025-09-10 12:16:32.382272',3);
INSERT INTO "shop_product" VALUES(8,'SKU007','Bluetooth Earbuds','bluetooth-earbuds','High quality sound earbuds',4999,3999,60,1,'2025-09-10 12:16:32.394454',3);
INSERT INTO "shop_product" VALUES(9,'SKU008','Leather Wallet','leather-wallet','Genuine leather wallet',1999,1499,80,1,'2025-09-10 12:16:32.406046',4);
INSERT INTO "shop_product" VALUES(10,'SKU009','Denim Jacket','denim-jacket','Trendy blue denim jacket',4999,3999,20,1,'2025-09-10 12:16:32.418675',2);
INSERT INTO "shop_product" VALUES(11,'SKU010','DSLR Camera','dslr-camera','Professional photography DSLR',45999,42999,5,1,'2025-09-10 12:16:32.431657',3);
INSERT INTO "shop_product" VALUES(12,'SKU011','Office Chair','office-chair','Ergonomic office chair',8999,7999,15,1,'2025-09-10 12:16:32.449892',5);
INSERT INTO "shop_product" VALUES(13,'SKU012','Wooden Table','wooden-table','Durable wooden dining table',14999,12999,8,1,'2025-09-10 12:16:32.465920',5);
INSERT INTO "shop_product" VALUES(14,'SKU013','Coffee Mug','coffee-mug','Ceramic printed mug',499,299,200,1,'2025-09-10 12:16:32.482681',6);
INSERT INTO "shop_product" VALUES(15,'SKU014','Backpack','backpack','Waterproof laptop backpack',2999,2499,35,1,'2025-09-10 12:16:32.494884',4);
INSERT INTO "shop_product" VALUES(16,'SKU015','Sunglasses','sunglasses','UV protected sunglasses',1999,1499,70,1,'2025-09-10 12:16:32.506434',2);
INSERT INTO "shop_product" VALUES(17,'SKU016','Perfume','perfume','Long-lasting fragrance',2999,2499,45,1,'2025-09-10 12:16:32.519419',2);
INSERT INTO "shop_product" VALUES(18,'SKU017','Refrigerator','refrigerator','Double door fridge',39999,37999,12,1,'2025-09-10 12:16:32.531967',3);
INSERT INTO "shop_product" VALUES(19,'SKU018','Microwave Oven','microwave-oven','Convection microwave oven',15999,13999,18,1,'2025-09-10 12:16:32.544245',3);
INSERT INTO "shop_product" VALUES(20,'SKU019','Headphones','headphones','Over-ear noise cancelling headphones',7999,6999,22,1,'2025-09-10 12:16:32.555134',3);
INSERT INTO "shop_product" VALUES(21,'SKU020','Graphic T-Shirt','graphic-t-shirt','Cotton printed t-shirt',1299,999,90,1,'2025-09-10 12:16:32.565868',2);
CREATE TABLE "shop_productimage" ("id" integer NOT NULL PRIMARY KEY AUTOINCREMENT, "image" varchar(100) NOT NULL, "alt_text" varchar(255) NOT NULL, "product_id" bigint NOT NULL REFERENCES "shop_product" ("id") DEFERRABLE INITIALLY DEFERRED);
INSERT INTO "shop_productimage" VALUES(1,'products/mac-pc-tshirt-4_large.webp','Blue cotton t-shirt front view',1);
INSERT INTO "shop_productimage" VALUES(2,'products/Mac_T-Shirt.jfif','Mac T-Shirt',2);
INSERT INTO "shop_productimage" VALUES(3,'products/HP_Laptop.jfif','HP Laptop',3);
INSERT INTO "shop_productimage" VALUES(4,'products/Wireless_Mouse.jfif','Wireless Mouse',4);
INSERT INTO "shop_productimage" VALUES(5,'products/Gaming_Keyboard.jfif','Gaming Keyboard',5);
INSERT INTO "shop_productimage" VALUES(6,'products/Running_Shoes.jfif','Running Shoes',6);
INSERT INTO "shop_productimage" VALUES(7,'products/Smart_Watch.jfif','Smart Watch',7);
INSERT INTO "shop_productimage" VALUES(8,'products/Bluetooth_Earbuds.jfif','Bluetooth Earbuds',8);
INSERT INTO "shop_productimage" VALUES(9,'products/Leather_Wallet.jpg','Leather Wallet',9);
INSERT INTO "shop_productimage" VALUES(10,'products/Denim_Jacket.jpg','Denim Jacket',10);
INSERT INTO "shop_productimage" VALUES(11,'products/DSLR_Camera.jpg','DSLR Camera',11);
INSERT INTO "shop_productimage" VALUES(12,'products/Office_Chair.webp','Office Chair',12);
INSERT INTO "shop_productimage" VALUES(13,'products/Wooden_Table.jpg','Wooden Table',13);
INSERT INTO "shop_productimage" VALUES(14,'products/Coffee_Mug.webp','Coffee Mug',14);
INSERT INTO "shop_productimage" VALUES(15,'products/Backpack.jpg','Backpack',15);
INSERT INTO "shop_productimage" VALUES(16,'products/Sunglasses.webp','Sunglasses',16);
INSERT INTO "shop_productimage" VALUES(17,'products/Perfume.webp','Perfume',17);
INSERT INTO "shop_productimage" VALUES(18,'products/Refrigerator.jpg','Refrigerator',18);
INSERT INTO "shop_productimage" VALUES(20,'products/Headphones.jpg','Headphones',20);
INSERT INTO "shop_productimage" VALUES(21,'products/Graphic_T-Shirt.webp','Graphic T-Shirt',21);
INSERT INTO "shop_productimage" VALUES(22,'products/Headphones_gXbHkOt.jpg','',20);
INSERT INTO "shop_productimage" VALUES(24,'products/Microwave_Oven_Y9JwrmJ.jfif','',19);
INSERT INTO "shop_productimage" VALUES(25,'products/Refrigerator_yE7MmT1.jpg','',18);
INSERT INTO "shop_productimage" VALUES(26,'products/Perfume_dmhimny.webp','',17);
INSERT INTO "shop_productimage" VALUES(27,'products/Sunglasses_5ayBRBg.webp','',16);
INSERT INTO "shop_productimage" VALUES(28,'products/Backpack_khQCJ84.jpg','',15);
INSERT INTO "shop_productimage" VALUES(29,'products/Coffee_Mug_h7ymaZn.webp','',14);
INSERT INTO "shop_productimage" VALUES(30,'products/Wooden_Table_XF3VTyn.jpg','',13);
INSERT INTO "shop_productimage" VALUES(31,'products/Office_Chair_9CHYb6E.webp','',12);
INSERT INTO "shop_productimage" VALUES(32,'products/DSLR_Camera_oZzTj5o.jpg','',11);
INSERT INTO "shop_productimage" VALUES(33,'products/Denim_Jacket_UmhHHKa.jpg','',10);
INSERT INTO "shop_productimage" VALUES(34,'products/Leather_Wallet_n0XJXmP.jpg','',9);
INSERT INTO "shop_productimage" VALUES(35,'products/Bluetooth_Earbuds_LtxhtjU.jfif','',8);
INSERT INTO "shop_productimage" VALUES(36,'products/Smart_Watch_qud9izQ.jfif','',7);
INSERT INTO "shop_productimage" VALUES(37,'products/Running_Shoes_AyTlCvT.jfif','',6);
INSERT INTO "shop_productimage" VALUES(38,'products/Gaming_Keyboard_aPgkfmM.jfif','',5);
INSERT INTO "shop_productimage" VALUES(39,'products/Wireless_Mouse_CYjdPGw.jfif','',4);
INSERT INTO "shop_productimage" VALUES(40,'products/HP_Laptop_jRpDUBo.jfif','',3);
INSERT INTO "shop_productimage" VALUES(41,'products/Mac_T-Shirt_U5ZhgsC.jfif','',2);
CREATE TABLE "shop_user" ("id" integer NOT NULL PRIMARY KEY AUTOINCREMENT, "password" varchar(128) NOT NULL, "last_login" datetime NULL, "is_superuser" bool NOT NULL, "username" varchar(150) NOT NULL UNIQUE, "first_name" varchar(150) NOT NULL, "last_name" varchar(150) NOT NULL, "email" varchar(254) NOT NULL, "is_staff" bool NOT NULL, "is_active" bool NOT NULL, "date_joined" datetime NOT NULL, "phone" varchar(15) NULL);
INSERT INTO "shop_user" VALUES(1,'pbkdf2_sha256$1000000$1XmzfQemYMPBrJw7q5hRuD$Bkfgc8nSnN3WBS2STwji684Zin7mwBhqICR/DLVo7p4=','2025-09-13 10:44:44.351912',1,'shivamyadav','Shivam','Yadav','sshivamyadav272@gmail.com',1,1,'2025-09-10 07:41:44.166032',NULL);
INSERT INTO "shop_user" VALUES(2,'pbkdf2_sha256$1000000$jySDjr3exbRW2V7GGeALjv$sXX9I68OWLWtwm/ZDZTx8RyuSosOT0Hvtt7xZWJMuV0=','2025-09-12 11:27:18.670846',0,'Shivam_123','Shivam21','Yadav','klickitshivam@gmail.com',0,1,'2025-09-10 07:46:17.788443','+918429640430');
INSERT INTO "shop_user" VALUES(3,'pbkdf2_sha256$600000$74pe05jLDtJsplo8Lq4RaI$OvivlCK1eCseTgUTdtRkurFolEIXanIGDE9jBHAYdV0=','2025-10-22 10:16:21.239680',1,'shivam','','','shivam@gmail.com',1,1,'2025-09-30 13:07:18.162360',NULL);
CREATE TABLE "shop_user_groups" ("id" integer NOT NULL PRIMARY KEY AUTOINCREMENT, "user_id" bigint NOT NULL REFERENCES "shop_user" ("id") DEFERRABLE INITIALLY DEFERRED, "group_id" integer NOT NULL REFERENCES "auth_group" ("id") DEFERRABLE INITIALLY DEFERRED);
CREATE TABLE "shop_user_user_permissions" ("id" integer NOT NULL PRIMARY KEY AUTOINCREMENT, "user_id" bigint NOT NULL REFERENCES "shop_user" ("id") DEFERRABLE INITIALLY DEFERRED, "permission_id" integer NOT NULL REFERENCES "auth_permission" ("id") DEFERRABLE INITIALLY DEFERRED);
CREATE UNIQUE INDEX "django_content_type_app_label_model_76bd3d3b_uniq" ON "django_content_type" ("app_label", "model");
CREATE UNIQUE INDEX "auth_group_permissions_group_id_permission_id_0cd325b0_uniq" ON "auth_group_permissions" ("group_id", "permission_id");
CREATE INDEX "auth_group_permissions_group_id_b120cbf9" ON "auth_group_permissions" ("group_id");
CREATE INDEX "auth_group_permissions_permission_id_84c5c92e" ON "auth_group_permissions" ("permission_id");
CREATE UNIQUE INDEX "auth_permission_content_type_id_codename_01ab375a_uniq" ON "auth_permission" ("content_type_id", "codename");
CREATE INDEX "auth_permission_content_type_id_2f476e4b" ON "auth_permission" ("content_type_id");
CREATE UNIQUE INDEX "shop_user_groups_user_id_group_id_29c349c0_uniq" ON "shop_user_groups" ("user_id", "group_id");
CREATE INDEX "shop_user_groups_user_id_252129d6" ON "shop_user_groups" ("user_id");
CREATE INDEX "shop_user_groups_group_id_bf3fb67c" ON "shop_user_groups" ("group_id");
CREATE UNIQUE INDEX "shop_user_user_permissions_user_id_permission_id_8836bbbf_uniq" ON "shop_user_user_permissions" ("user_id", "permission_id");
CREATE INDEX "shop_user_user_permissions_user_id_d5f91630" ON "shop_user_user_permissions" ("user_id");
CREATE INDEX "shop_user_user_permissions_permission_id_ace4643b" ON "shop_user_user_permissions" ("permission_id");
CREATE INDEX "django_admin_log_content_type_id_c4bce8eb" ON "django_admin_log" ("content_type_id");
CREATE INDEX "django_admin_log_user_id_c564eba6" ON "django_admin_log" ("user_id");
CREATE INDEX "django_session_expire_date_a5c62663" ON "django_session" ("expire_date");
CREATE INDEX "shop_category_parent_id_901626c9" ON "shop_category" ("parent_id");
CREATE INDEX "shop_product_category_id_14d7eea8" ON "shop_product" ("category_id");
CREATE INDEX "shop_productimage_product_id_65b3b20c" ON "shop_productimage" ("product_id");
CREATE INDEX "shop_order_user_id_00aba627" ON "shop_order" ("user_id");
CREATE INDEX "shop_orderitem_order_id_2f1b00cf" ON "shop_orderitem" ("order_id");
CREATE INDEX "shop_orderitem_product_id_48153f22" ON "shop_orderitem" ("product_id");
CREATE INDEX "shop_address_user_id_3edd3b17" ON "shop_address" ("user_id");
DELETE FROM "sqlite_sequence";
INSERT INTO "sqlite_sequence" VALUES('django_migrations',22);
INSERT INTO "sqlite_sequence" VALUES('django_content_type',12);
INSERT INTO "sqlite_sequence" VALUES('auth_permission',48);
INSERT INTO "sqlite_sequence" VALUES('auth_group',0);
INSERT INTO "sqlite_sequence" VALUES('django_admin_log',23);
INSERT INTO "sqlite_sequence" VALUES('shop_user',3);
INSERT INTO "sqlite_sequence" VALUES('shop_category',11);
INSERT INTO "sqlite_sequence" VALUES('shop_product',21);
INSERT INTO "sqlite_sequence" VALUES('shop_productimage',41);
INSERT INTO "sqlite_sequence" VALUES('shop_order',15);
INSERT INTO "sqlite_sequence" VALUES('shop_orderitem',20);
COMMIT;
